<?xml version="1.0" encoding="UTF-8"?>
<CustomField xmlns="http://soap.sforce.com/2006/04/metadata">
    <fullName>Status__c</fullName>
    <externalId>false</externalId>
    <label>Status</label>
    <required>false</required>
    <trackTrending>false</trackTrending>
    <type>Picklist</type>
    <valueSet>
        <restricted>true</restricted>
        <valueSetDefinition>
            <sorted>false</sorted>
            <value>
                <fullName>Not Started</fullName>
                <default>true</default>
                <label>Not Started</label>
            </value>
            <value>
                <fullName>In Progress</fullName>
                <default>false</default>
                <label>In Progress</label>
            </value>
            <value>
                <fullName>Completed</fullName>
                <default>false</default>
                <label>Completed</label>
            </value>
            <value>
                <fullName>Failed</fullName>
                <default>false</default>
                <label>Failed</label>
            </value>
        </valueSetDefinition>
    </valueSet>
</CustomField>
