<?xml version="1.0" encoding="UTF-8"?>
<FlexiPage xmlns="http://soap.sforce.com/2006/04/metadata">
    <description>The default utility bar for the Sales Cloud Mobile application.</description>
    <flexiPageRegions>
        <itemInstances>
            <componentInstance>
                <componentName>runtime_sales_todo_list:unifiedToDoListAuraWrapper</componentName>
                <identifier>runtime_sales_todo_list_unifiedToDoListAuraWrapper</identifier>
            </componentInstance>
        </itemInstances>
        <name>utilityItems</name>
        <type>Region</type>
    </flexiPageRegions>
    <masterLabel>Sales Cloud Mobile App Utility Bar</masterLabel>
    <template>
        <name>one:utilityBarTemplateDesktop</name>
    </template>
    <type>UtilityBar</type>
</FlexiPage>
