<?xml version="1.0" encoding="UTF-8"?>
<CustomField xmlns="http://soap.sforce.com/2006/04/metadata">
    <fullName>Process__c</fullName>
    <externalId>false</externalId>
    <label>Process</label>
    <required>false</required>
    <trackFeedHistory>false</trackFeedHistory>
    <trackTrending>false</trackTrending>
    <type>Picklist</type>
    <valueSet>
        <valueSetDefinition>
            <sorted>false</sorted>
            <value>
                <fullName>Sales Process</fullName>
                <default>false</default>
                <label>Sales Process</label>
            </value>
            <value>
                <fullName>Service Process</fullName>
                <default>false</default>
                <label>Service Process</label>
            </value>
            <value>
                <fullName>Onboarding</fullName>
                <default>false</default>
                <label>Onboarding</label>
            </value>
            <value>
                <fullName>Marketing Process</fullName>
                <default>false</default>
                <label>Marketing Process</label>
            </value>
        </valueSetDefinition>
    </valueSet>
</CustomField>
